{"assets/app_icon.ico":["assets/app_icon.ico"],"assets/audio/jotenu.m4a":["assets/audio/jotenu.m4a"],"assets/audio/soniyo.mp3":["assets/audio/soniyo.mp3"],"assets/fonts/Segoe-UI-Bold.ttf":["assets/fonts/Segoe-UI-Bold.ttf"],"assets/fonts/Segoe-UI.ttf":["assets/fonts/Segoe-UI.ttf"],"assets/images/login-side.png":["assets/images/login-side.png"],"assets/images/xen-music-ad.png":["assets/images/xen-music-ad.png"],"assets/images/xenmusic-dark-logo.png":["assets/images/xenmusic-dark-logo.png"],"packages/cupertino_icons/assets/CupertinoIcons.ttf":["packages/cupertino_icons/assets/CupertinoIcons.ttf"],"packages/flutter_remix/lib/fonts/FlutterRemix.ttf":["packages/flutter_remix/lib/fonts/FlutterRemix.ttf"],"packages/window_manager/images/ic_chrome_close.png":["packages/window_manager/images/ic_chrome_close.png"],"packages/window_manager/images/ic_chrome_maximize.png":["packages/window_manager/images/ic_chrome_maximize.png"],"packages/window_manager/images/ic_chrome_minimize.png":["packages/window_manager/images/ic_chrome_minimize.png"],"packages/window_manager/images/ic_chrome_unmaximize.png":["packages/window_manager/images/ic_chrome_unmaximize.png"],"packages/xen_player_ui/assets/fonts/Segoe-UI-Bold.ttf":["packages/xen_player_ui/assets/fonts/Segoe-UI-Bold.ttf"],"packages/xen_player_ui/assets/fonts/Segoe-UI.ttf":["packages/xen_player_ui/assets/fonts/Segoe-UI.ttf"]}