[{"family":"MaterialIcons","fonts":[{"asset":"fonts/MaterialIcons-Regular.otf"}]},{"family":"Segoe UI","fonts":[{"asset":"assets/fonts/Segoe-UI.ttf"},{"weight":900,"asset":"assets/fonts/Segoe-UI-Bold.ttf"}]},{"family":"packages/xen_player_ui/Segoe UI","fonts":[{"asset":"packages/xen_player_ui/assets/fonts/Segoe-UI.ttf"},{"weight":900,"asset":"packages/xen_player_ui/assets/fonts/Segoe-UI-Bold.ttf"}]},{"family":"packages/cupertino_icons/CupertinoIcons","fonts":[{"asset":"packages/cupertino_icons/assets/CupertinoIcons.ttf"}]},{"family":"packages/flutter_remix/FlutterRemix","fonts":[{"asset":"packages/flutter_remix/lib/fonts/FlutterRemix.ttf"}]}]